transaction_id,date,time,product_id,product_name,category,quantity,unit_price,discount,total_amount,payment_method,cashier_id
TXN-00001,2025-10-21,09:01:00,PROD-070,Tools Item 3,Tools,8,44.88,2.05,380.69,Debit,EMP-007
TXN-00002,2025-08-05,08:05:00,PROD-070,Plumbing Item 14,Plumbing,20,38.74,3.98,805.34,Cash,EMP-008
TXN-00003,2025-10-15,12:51:00,PROD-044,Hardware Item 9,Hardware,6,115.03,0.0,747.12,Cash,EMP-004
TXN-00004,2025-09-13,09:05:00,PROD-006,Garden Item 15,Garden,12,19.02,0.0,247.07,Debit,EMP-002
TXN-00005,2025-09-18,09:35:00,PROD-047,Electrical Item 19,Electrical,20,125.26,0.0,2711.88,Cash,EMP-012
TXN-00006,2025-08-09,08:42:00,PROD-013,Plumbing Item 13,Plumbing,3,117.09,0.0,380.25,Credit,EMP-008
TXN-00007,2025-10-21,13:10:00,PROD-010,Electrical Item 20,Electrical,9,56.51,0.0,550.55,Debit,EMP-003
TXN-00008,2025-10-08,19:15:00,PROD-072,Plumbing Item 8,Plumbing,9,72.03,0.0,701.75,Debit,EMP-006
TXN-00009,2025-08-08,11:52:00,PROD-073,Hardware Item 11,Hardware,13,121.73,4.22,1640.75,Cash,EMP-011
TXN-00010,2025-10-03,14:56:00,PROD-069,Tools Item 9,Tools,9,71.53,14.9,593.05,Debit,EMP-010
TXN-00011,2025-09-24,17:25:00,PROD-012,Electrical Item 2,Electrical,5,36.8,0.0,199.18,Cash,EMP-003
TXN-00012,2025-10-20,10:50:00,PROD-077,Tools Item 15,Tools,3,66.21,0.0,215.02,Debit,EMP-005
TXN-00013,2025-10-10,08:43:00,PROD-044,Tools Item 4,Tools,18,21.61,0.0,421.07,Credit,EMP-007
TXN-00014,2025-08-21,15:00:00,PROD-023,Tools Item 17,Tools,9,132.0,0.0,1286.01,Cash,EMP-014
TXN-00015,2025-10-20,12:53:00,PROD-070,Tools Item 17,Tools,7,78.61,15.25,504.83,Cash,EMP-010
TXN-00016,2025-09-11,15:01:00,PROD-073,Hardware Item 3,Hardware,10,139.72,4.82,1439.57,Cash,EMP-012
TXN-00017,2025-10-02,09:48:00,PROD-071,Paint Item 6,Paint,5,116.05,0.0,628.12,Credit,EMP-009
TXN-00018,2025-10-17,14:13:00,PROD-052,Paint Item 12,Paint,7,114.51,0.0,867.7,Credit,EMP-015
TXN-00019,2025-10-06,15:07:00,PROD-076,Plumbing Item 8,Plumbing,11,37.58,11.08,397.9,Cash,EMP-002
TXN-00020,2025-10-20,08:14:00,PROD-063,Hardware Item 7,Hardware,11,136.29,4.76,1545.62,Debit,EMP-003
TXN-00021,2025-10-13,17:30:00,PROD-056,Plumbing Item 12,Plumbing,14,118.77,1.94,1765.04,Credit,EMP-007
TXN-00022,2025-09-29,19:03:00,PROD-014,Tools Item 8,Tools,4,99.75,14.56,369.03,Cash,EMP-004
TXN-00023,2025-10-08,15:08:00,PROD-057,Garden Item 18,Garden,15,31.61,18.47,418.47,Cash,EMP-001
TXN-00024,2025-10-23,16:53:00,PROD-028,Hardware Item 13,Hardware,8,145.5,9.71,1137.68,Cash,EMP-003
TXN-00025,2025-09-18,08:24:00,PROD-072,Electrical Item 16,Electrical,15,139.35,13.93,1947.5,Cash,EMP-004
TXN-00026,2025-09-07,11:03:00,PROD-008,Paint Item 2,Paint,2,111.68,0.0,241.79,Debit,EMP-008
TXN-00027,2025-10-04,16:10:00,PROD-009,Hardware Item 20,Hardware,3,144.31,0.0,468.65,Cash,EMP-011
TXN-00028,2025-08-31,14:07:00,PROD-075,Paint Item 19,Paint,20,40.7,1.64,866.7,Debit,EMP-006
TXN-00029,2025-09-03,11:42:00,PROD-039,Tools Item 15,Tools,9,50.56,0.0,492.58,Credit,EMP-015
TXN-00030,2025-08-10,08:29:00,PROD-034,Paint Item 5,Paint,4,149.78,4.26,620.92,Credit,EMP-015
TXN-00031,2025-08-09,11:23:00,PROD-079,Electrical Item 17,Electrical,18,27.87,0.0,543.05,Cash,EMP-011
TXN-00032,2025-10-10,12:59:00,PROD-071,Tools Item 5,Tools,5,20.02,17.79,89.08,Credit,EMP-005
TXN-00033,2025-10-17,11:45:00,PROD-033,Electrical Item 2,Electrical,9,34.52,0.0,336.31,Cash,EMP-011
TXN-00034,2025-09-24,12:02:00,PROD-034,Hardware Item 6,Hardware,5,53.37,0.0,288.87,Debit,EMP-008
TXN-00035,2025-10-10,19:27:00,PROD-020,Paint Item 18,Paint,3,6.4,0.0,20.78,Cash,EMP-014
TXN-00036,2025-09-17,17:35:00,PROD-006,Plumbing Item 12,Plumbing,2,67.32,0.0,145.75,Cash,EMP-011
TXN-00037,2025-09-01,18:06:00,PROD-020,Electrical Item 8,Electrical,14,118.12,0.0,1790.11,Cash,EMP-013
TXN-00038,2025-08-23,14:01:00,PROD-053,Plumbing Item 8,Plumbing,11,111.8,0.0,1331.26,Credit,EMP-003
TXN-00039,2025-10-29,09:24:00,PROD-045,Hardware Item 10,Hardware,8,129.5,18.37,915.46,Cash,EMP-004
TXN-00040,2025-08-04,18:12:00,PROD-036,Garden Item 12,Garden,3,52.6,0.0,170.82,Debit,EMP-009
TXN-00041,2025-09-21,18:53:00,PROD-023,Paint Item 19,Paint,1,53.02,19.41,46.25,Credit,EMP-001
TXN-00042,2025-08-14,17:27:00,PROD-066,Electrical Item 4,Electrical,11,110.64,0.0,1317.45,Credit,EMP-015
TXN-00043,2025-10-13,11:16:00,PROD-069,Hardware Item 7,Hardware,1,107.77,0.0,116.66,Credit,EMP-007
TXN-00044,2025-08-09,18:58:00,PROD-039,Electrical Item 17,Electrical,4,95.36,0.0,412.91,Credit,EMP-011
TXN-00045,2025-09-22,13:25:00,PROD-049,Tools Item 6,Tools,5,47.87,13.3,224.64,Debit,EMP-010
TXN-00046,2025-09-08,14:35:00,PROD-075,Hardware Item 20,Hardware,7,49.06,0.0,371.75,Debit,EMP-006
TXN-00047,2025-09-29,15:28:00,PROD-022,Tools Item 3,Tools,16,35.99,0.0,623.35,Credit,EMP-009
TXN-00048,2025-10-24,18:39:00,PROD-029,Electrical Item 7,Electrical,8,18.54,0.0,160.56,Cash,EMP-001
TXN-00049,2025-08-06,11:30:00,PROD-074,Paint Item 7,Paint,3,128.21,0.0,416.36,Debit,EMP-012
TXN-00050,2025-09-19,15:25:00,PROD-014,Plumbing Item 14,Plumbing,1,26.4,0.0,28.58,Cash,EMP-003
TXN-00051,2025-10-29,16:29:00,PROD-060,Hardware Item 17,Hardware,4,85.82,0.0,371.6,Debit,EMP-010
TXN-00052,2025-09-10,15:39:00,PROD-071,Tools Item 15,Tools,14,134.34,0.0,2035.92,Cash,EMP-012
TXN-00053,2025-09-30,15:16:00,PROD-067,Plumbing Item 16,Plumbing,9,126.78,0.0,1235.15,Debit,EMP-004
TXN-00054,2025-09-05,15:04:00,PROD-070,Tools Item 3,Tools,9,46.43,0.0,452.34,Cash,EMP-003
TXN-00055,2025-08-30,14:44:00,PROD-043,Plumbing Item 18,Plumbing,3,107.43,0.0,348.88,Credit,EMP-007
TXN-00056,2025-08-08,11:53:00,PROD-003,Garden Item 19,Garden,19,61.47,0.0,1264.28,Credit,EMP-008
TXN-00057,2025-08-01,13:19:00,PROD-070,Garden Item 20,Garden,14,128.75,0.0,1951.21,Cash,EMP-008
TXN-00058,2025-08-29,12:27:00,PROD-052,Garden Item 6,Garden,11,9.21,0.0,109.67,Credit,EMP-015
TXN-00059,2025-08-17,17:34:00,PROD-004,Hardware Item 3,Hardware,19,136.5,0.0,2807.46,Debit,EMP-007
TXN-00060,2025-08-18,15:11:00,PROD-049,Hardware Item 9,Hardware,11,42.72,6.54,475.42,Credit,EMP-005
TXN-00061,2025-08-11,15:01:00,PROD-006,Tools Item 1,Tools,12,83.22,1.37,1066.22,Cash,EMP-004
TXN-00062,2025-08-03,17:09:00,PROD-028,Plumbing Item 15,Plumbing,4,23.3,0.0,100.89,Debit,EMP-005
TXN-00063,2025-09-17,10:38:00,PROD-021,Paint Item 10,Paint,4,144.74,0.0,626.72,Cash,EMP-010
TXN-00064,2025-08-04,12:36:00,PROD-026,Tools Item 3,Tools,13,136.66,0.0,1923.15,Debit,EMP-012
TXN-00065,2025-10-20,11:06:00,PROD-073,Tools Item 2,Tools,20,117.01,0.0,2533.27,Credit,EMP-009
TXN-00066,2025-09-24,18:23:00,PROD-063,Hardware Item 4,Hardware,11,78.36,8.4,854.69,Credit,EMP-006
TXN-00067,2025-10-21,15:45:00,PROD-035,Plumbing Item 20,Plumbing,17,68.15,0.0,1254.13,Debit,EMP-013
TXN-00068,2025-10-01,15:27:00,PROD-012,Tools Item 9,Tools,11,90.91,0.0,1082.51,Credit,EMP-004
TXN-00069,2025-09-29,17:39:00,PROD-042,Tools Item 6,Tools,1,59.95,0.0,64.9,Credit,EMP-004
TXN-00070,2025-09-15,12:21:00,PROD-067,Electrical Item 7,Electrical,9,132.65,0.0,1292.34,Cash,EMP-004
TXN-00071,2025-09-22,15:35:00,PROD-003,Plumbing Item 3,Plumbing,16,105.14,0.0,1821.02,Credit,EMP-004
TXN-00072,2025-09-21,19:15:00,PROD-068,Electrical Item 12,Electrical,12,101.27,0.0,1315.5,Credit,EMP-012
TXN-00073,2025-10-10,13:22:00,PROD-025,Tools Item 11,Tools,10,70.79,2.41,747.83,Cash,EMP-012
TXN-00074,2025-10-08,19:11:00,PROD-068,Plumbing Item 20,Plumbing,16,36.38,11.79,555.81,Credit,EMP-002
TXN-00075,2025-08-25,12:14:00,PROD-017,Electrical Item 9,Electrical,1,31.02,0.0,33.58,Cash,EMP-001
TXN-00076,2025-10-10,12:44:00,PROD-037,Plumbing Item 16,Plumbing,16,97.49,0.25,1684.31,Credit,EMP-008
TXN-00077,2025-09-13,10:03:00,PROD-063,Electrical Item 3,Electrical,16,141.45,1.31,2417.82,Debit,EMP-011
TXN-00078,2025-10-27,08:09:00,PROD-072,Plumbing Item 14,Plumbing,10,122.62,4.96,1261.52,Debit,EMP-010
TXN-00079,2025-10-19,11:49:00,PROD-055,Paint Item 10,Paint,15,60.15,11.77,861.73,Debit,EMP-010
TXN-00080,2025-08-08,17:47:00,PROD-034,Hardware Item 3,Hardware,7,142.4,0.0,1079.04,Cash,EMP-004
TXN-00081,2025-08-23,16:04:00,PROD-061,Plumbing Item 10,Plumbing,15,5.39,0.0,87.52,Cash,EMP-004
TXN-00082,2025-09-06,19:18:00,PROD-034,Tools Item 19,Tools,3,129.64,0.0,421.01,Debit,EMP-013
TXN-00083,2025-08-26,14:07:00,PROD-019,Paint Item 3,Paint,5,37.6,0.0,203.51,Cash,EMP-003
TXN-00084,2025-09-09,17:47:00,PROD-052,Paint Item 9,Paint,15,138.57,13.77,1940.2,Debit,EMP-009
TXN-00085,2025-10-03,15:05:00,PROD-078,Paint Item 9,Paint,14,10.78,0.0,163.37,Cash,EMP-002
TXN-00086,2025-08-30,18:53:00,PROD-035,Paint Item 19,Paint,1,90.13,0.0,97.57,Cash,EMP-013
TXN-00087,2025-08-23,15:33:00,PROD-063,Tools Item 3,Tools,9,69.12,11.71,594.55,Credit,EMP-006
TXN-00088,2025-09-22,13:20:00,PROD-064,Tools Item 10,Tools,6,20.17,0.0,131.0,Debit,EMP-007
TXN-00089,2025-10-10,08:29:00,PROD-066,Hardware Item 1,Hardware,11,50.6,15.45,509.43,Debit,EMP-014
TXN-00090,2025-10-09,15:26:00,PROD-064,Hardware Item 15,Hardware,12,32.2,0.0,418.28,Cash,EMP-004
TXN-00091,2025-09-04,16:08:00,PROD-078,Electrical Item 8,Electrical,16,68.53,19.46,955.96,Debit,EMP-003
TXN-00092,2025-09-09,16:00:00,PROD-015,Paint Item 15,Paint,8,64.16,0.0,555.63,Cash,EMP-011
TXN-00093,2025-08-20,15:59:00,PROD-062,Tools Item 16,Tools,9,47.32,0.0,461.02,Cash,EMP-008
TXN-00094,2025-10-10,10:24:00,PROD-018,Plumbing Item 3,Plumbing,17,138.67,0.0,2551.87,Credit,EMP-013
TXN-00095,2025-09-23,13:59:00,PROD-076,Paint Item 19,Paint,1,43.74,5.97,44.52,Debit,EMP-008
TXN-00096,2025-08-20,15:34:00,PROD-049,Garden Item 15,Garden,18,55.04,0.0,1072.45,Credit,EMP-014
TXN-00097,2025-08-25,19:15:00,PROD-049,Paint Item 13,Paint,14,60.53,14.89,780.74,Debit,EMP-013
TXN-00098,2025-10-23,10:31:00,PROD-013,Hardware Item 15,Hardware,19,23.31,0.0,479.43,Cash,EMP-009
TXN-00099,2025-09-28,08:46:00,PROD-034,Plumbing Item 11,Plumbing,5,64.45,15.63,294.31,Debit,EMP-012
TXN-00100,2025-09-20,18:05:00,PROD-041,Electrical Item 16,Electrical,18,128.59,0.0,2505.58,Debit,EMP-001
TXN-00101,2025-10-19,09:15:00,PROD-012,Tools Item 14,Tools,10,104.24,0.0,1128.4,Cash,EMP-013
TXN-00102,2025-10-21,19:55:00,PROD-006,Hardware Item 11,Hardware,10,69.33,0.0,750.5,Cash,EMP-005
TXN-00103,2025-09-15,13:27:00,PROD-024,Plumbing Item 6,Plumbing,14,40.41,0.0,612.41,Cash,EMP-002
TXN-00104,2025-10-18,14:39:00,PROD-033,Tools Item 15,Tools,19,39.92,9.22,745.35,Credit,EMP-011
TXN-00105,2025-08-02,15:57:00,PROD-076,Electrical Item 10,Electrical,6,103.25,18.9,543.86,Debit,EMP-007
TXN-00106,2025-10-28,12:29:00,PROD-014,Electrical Item 8,Electrical,13,33.89,0.0,476.92,Credit,EMP-010
TXN-00107,2025-09-15,17:18:00,PROD-007,Tools Item 20,Tools,13,47.81,11.32,596.64,Debit,EMP-008
TXN-00108,2025-09-06,11:38:00,PROD-018,Electrical Item 4,Electrical,7,36.76,0.0,278.55,Debit,EMP-011
TXN-00109,2025-08-06,12:50:00,PROD-012,Garden Item 10,Garden,12,9.84,0.0,127.82,Credit,EMP-012
TXN-00110,2025-09-23,10:12:00,PROD-035,Plumbing Item 6,Plumbing,12,119.04,0.0,1546.33,Credit,EMP-015
TXN-00111,2025-10-01,12:47:00,PROD-019,Electrical Item 8,Electrical,15,121.61,0.0,1974.64,Debit,EMP-012
TXN-00112,2025-10-26,14:54:00,PROD-059,Paint Item 12,Paint,13,58.04,10.73,729.13,Debit,EMP-012
TXN-00113,2025-10-26,12:37:00,PROD-004,Garden Item 20,Garden,12,124.25,4.68,1538.47,Debit,EMP-006
TXN-00114,2025-10-18,11:41:00,PROD-039,Hardware Item 14,Hardware,15,97.13,0.0,1577.15,Cash,EMP-003
TXN-00115,2025-08-06,08:19:00,PROD-018,Garden Item 13,Garden,8,21.84,0.0,189.13,Credit,EMP-006
TXN-00116,2025-10-25,19:44:00,PROD-013,Paint Item 16,Paint,5,65.77,0.0,355.98,Debit,EMP-007
TXN-00117,2025-09-05,08:44:00,PROD-047,Electrical Item 4,Electrical,15,36.5,0.0,592.67,Debit,EMP-006
TXN-00118,2025-10-09,18:22:00,PROD-059,Hardware Item 3,Hardware,7,62.73,0.0,475.34,Debit,EMP-004
TXN-00119,2025-10-22,18:38:00,PROD-073,Hardware Item 7,Hardware,11,12.33,2.52,143.12,Cash,EMP-014
TXN-00120,2025-10-10,11:37:00,PROD-019,Plumbing Item 20,Plumbing,8,122.89,0.0,1064.23,Cash,EMP-005
TXN-00121,2025-08-19,10:34:00,PROD-004,Electrical Item 5,Electrical,4,120.78,0.0,522.98,Cash,EMP-006
TXN-00122,2025-08-31,17:20:00,PROD-015,Hardware Item 3,Hardware,2,30.27,8.42,60.02,Credit,EMP-008
TXN-00123,2025-09-16,16:37:00,PROD-006,Hardware Item 17,Hardware,8,70.54,0.0,610.88,Credit,EMP-008
TXN-00124,2025-10-22,08:03:00,PROD-063,Garden Item 15,Garden,14,127.86,0.0,1937.72,Cash,EMP-015
TXN-00125,2025-08-11,13:38:00,PROD-075,Plumbing Item 18,Plumbing,9,14.52,0.0,141.46,Debit,EMP-006
TXN-00126,2025-09-18,17:33:00,PROD-015,Electrical Item 18,Electrical,20,70.79,0.0,1532.6,Debit,EMP-014
TXN-00127,2025-08-28,14:28:00,PROD-013,Plumbing Item 11,Plumbing,15,65.0,0.0,1055.44,Credit,EMP-006
TXN-00128,2025-10-25,12:23:00,PROD-012,Plumbing Item 14,Plumbing,16,104.59,16.64,1510.07,Cash,EMP-012
TXN-00129,2025-09-17,10:35:00,PROD-016,Hardware Item 14,Hardware,18,90.04,0.0,1754.43,Credit,EMP-014
TXN-00130,2025-10-25,14:55:00,PROD-046,Tools Item 4,Tools,10,12.46,0.0,134.88,Debit,EMP-009
TXN-00131,2025-08-28,10:42:00,PROD-072,Garden Item 12,Garden,4,37.52,0.0,162.46,Cash,EMP-013
TXN-00132,2025-09-05,17:14:00,PROD-072,Garden Item 1,Garden,20,127.55,0.0,2761.46,Debit,EMP-015
TXN-00133,2025-10-24,19:17:00,PROD-045,Hardware Item 1,Hardware,10,31.16,0.0,337.31,Cash,EMP-014
TXN-00134,2025-08-19,17:42:00,PROD-049,Garden Item 14,Garden,1,15.09,10.61,14.6,Credit,EMP-006
TXN-00135,2025-08-21,13:19:00,PROD-007,Tools Item 5,Tools,19,52.04,0.0,1070.33,Cash,EMP-013
TXN-00136,2025-10-19,08:43:00,PROD-057,Hardware Item 14,Hardware,14,44.45,0.0,673.64,Credit,EMP-004
TXN-00137,2025-10-05,09:22:00,PROD-040,Garden Item 2,Garden,19,21.08,0.0,433.56,Cash,EMP-007
TXN-00138,2025-10-16,08:00:00,PROD-033,Plumbing Item 10,Plumbing,7,48.71,0.0,369.1,Credit,EMP-002
TXN-00139,2025-08-01,15:47:00,PROD-030,Garden Item 17,Garden,13,30.48,0.0,428.93,Debit,EMP-014
TXN-00140,2025-10-25,13:04:00,PROD-059,Garden Item 3,Garden,2,129.96,0.0,281.36,Credit,EMP-010
TXN-00141,2025-09-24,17:25:00,PROD-042,Tools Item 6,Tools,10,97.82,0.42,1054.45,Debit,EMP-008
TXN-00142,2025-10-28,13:05:00,PROD-052,Garden Item 17,Garden,8,127.45,0.0,1103.72,Cash,EMP-007
TXN-00143,2025-09-09,19:21:00,PROD-068,Plumbing Item 17,Plumbing,6,53.29,12.66,302.3,Cash,EMP-015
TXN-00144,2025-09-14,13:46:00,PROD-023,Tools Item 20,Tools,8,123.18,5.12,1012.12,Cash,EMP-013
TXN-00145,2025-10-23,09:11:00,PROD-058,Tools Item 19,Tools,19,76.65,0.0,1576.5,Debit,EMP-011
TXN-00146,2025-10-19,13:55:00,PROD-039,Tools Item 9,Tools,15,50.84,8.84,752.54,Debit,EMP-001
TXN-00147,2025-09-15,16:04:00,PROD-010,Electrical Item 3,Electrical,2,71.95,16.63,129.87,Debit,EMP-010
TXN-00148,2025-10-04,14:29:00,PROD-074,Paint Item 7,Paint,2,85.38,0.0,184.85,Credit,EMP-010
TXN-00149,2025-09-30,16:09:00,PROD-011,Hardware Item 17,Hardware,11,70.33,0.0,837.45,Debit,EMP-003
TXN-00150,2025-08-06,11:45:00,PROD-021,Garden Item 12,Garden,17,148.69,0.0,2736.27,Credit,EMP-015
TXN-00151,2025-09-06,14:26:00,PROD-043,Electrical Item 3,Electrical,2,103.44,0.0,223.95,Credit,EMP-002
TXN-00152,2025-10-11,18:24:00,PROD-043,Electrical Item 3,Electrical,20,41.54,0.0,899.34,Debit,EMP-011
TXN-00153,2025-08-19,13:19:00,PROD-011,Tools Item 10,Tools,13,106.28,14.18,1283.55,Debit,EMP-007
TXN-00154,2025-10-22,13:52:00,PROD-066,Plumbing Item 12,Plumbing,17,102.17,13.41,1628.05,Cash,EMP-006
TXN-00155,2025-09-09,10:13:00,PROD-020,Electrical Item 3,Electrical,16,142.41,20.0,1973.23,Credit,EMP-014
TXN-00156,2025-08-13,16:49:00,PROD-080,Paint Item 5,Paint,17,126.09,6.74,2163.98,Debit,EMP-007
TXN-00157,2025-08-20,10:11:00,PROD-006,Tools Item 14,Tools,6,116.81,0.0,758.68,Credit,EMP-011
TXN-00158,2025-08-31,15:39:00,PROD-061,Electrical Item 7,Electrical,15,114.1,4.78,1764.14,Credit,EMP-011
TXN-00159,2025-10-13,15:29:00,PROD-021,Electrical Item 7,Electrical,17,117.83,0.0,2168.37,Debit,EMP-003
TXN-00160,2025-09-02,08:41:00,PROD-067,Garden Item 4,Garden,18,131.75,0.0,2567.15,Credit,EMP-002
TXN-00161,2025-08-21,12:28:00,PROD-058,Paint Item 12,Paint,14,26.37,18.21,326.86,Cash,EMP-007
TXN-00162,2025-08-07,14:32:00,PROD-004,Electrical Item 11,Electrical,3,39.19,0.0,127.27,Cash,EMP-014
TXN-00163,2025-10-23,13:50:00,PROD-061,Plumbing Item 5,Plumbing,10,24.95,0.0,270.08,Debit,EMP-008
TXN-00164,2025-09-27,17:00:00,PROD-071,Hardware Item 20,Hardware,7,7.76,0.0,58.8,Debit,EMP-007
TXN-00165,2025-08-15,12:15:00,PROD-080,Electrical Item 15,Electrical,8,22.67,0.0,196.32,Cash,EMP-002
TXN-00166,2025-10-03,17:34:00,PROD-055,Hardware Item 1,Hardware,19,96.63,2.87,1930.4,Debit,EMP-006
TXN-00167,2025-08-31,17:26:00,PROD-047,Plumbing Item 3,Plumbing,3,101.33,0.0,329.07,Debit,EMP-009
TXN-00168,2025-10-04,16:35:00,PROD-048,Hardware Item 9,Hardware,16,61.62,7.74,984.65,Debit,EMP-001
TXN-00169,2025-09-15,09:22:00,PROD-043,Plumbing Item 5,Plumbing,4,111.28,0.0,481.84,Cash,EMP-006
TXN-00170,2025-10-09,13:52:00,PROD-062,Tools Item 6,Tools,15,30.39,0.0,493.46,Cash,EMP-002
TXN-00171,2025-09-28,08:18:00,PROD-041,Plumbing Item 10,Plumbing,7,11.35,0.0,86.0,Debit,EMP-007
TXN-00172,2025-10-09,15:16:00,PROD-007,Hardware Item 11,Hardware,7,114.23,17.24,716.35,Credit,EMP-002
TXN-00173,2025-09-17,14:56:00,PROD-024,Garden Item 16,Garden,13,112.78,0.0,1587.1,Debit,EMP-008
TXN-00174,2025-09-17,16:17:00,PROD-024,Hardware Item 18,Hardware,3,110.43,0.0,358.62,Credit,EMP-006
TXN-00175,2025-08-14,09:20:00,PROD-055,Tools Item 6,Tools,15,47.87,0.0,777.29,Debit,EMP-008
TXN-00176,2025-09-14,15:02:00,PROD-056,Tools Item 9,Tools,12,131.16,0.0,1703.77,Debit,EMP-013
TXN-00177,2025-08-08,09:42:00,PROD-021,Tools Item 1,Tools,17,63.9,0.0,1175.92,Cash,EMP-014
TXN-00178,2025-10-17,18:50:00,PROD-047,Garden Item 13,Garden,3,10.05,12.9,28.43,Debit,EMP-001
TXN-00179,2025-10-17,10:43:00,PROD-010,Garden Item 19,Garden,12,142.58,0.0,1852.11,Cash,EMP-009
TXN-00180,2025-09-16,14:20:00,PROD-067,Tools Item 13,Tools,4,45.41,3.72,189.31,Debit,EMP-002
TXN-00181,2025-09-03,12:45:00,PROD-063,Garden Item 7,Garden,20,36.11,18.33,638.48,Cash,EMP-003
TXN-00182,2025-08-10,15:11:00,PROD-041,Tools Item 12,Tools,3,69.54,0.0,225.83,Debit,EMP-002
TXN-00183,2025-10-10,16:18:00,PROD-066,Electrical Item 8,Electrical,6,128.45,0.0,834.28,Cash,EMP-004
TXN-00184,2025-08-18,11:50:00,PROD-060,Garden Item 18,Garden,18,8.81,0.0,171.66,Cash,EMP-010
TXN-00185,2025-08-12,09:19:00,PROD-053,Garden Item 19,Garden,16,149.94,0.0,2596.96,Cash,EMP-003
TXN-00186,2025-09-10,18:04:00,PROD-071,Garden Item 19,Garden,17,72.55,0.0,1335.1,Cash,EMP-013
TXN-00187,2025-08-17,14:32:00,PROD-042,Hardware Item 8,Hardware,17,125.55,3.29,2234.42,Credit,EMP-009
TXN-00188,2025-09-06,09:16:00,PROD-079,Plumbing Item 18,Plumbing,18,97.08,12.5,1655.15,Cash,EMP-009
TXN-00189,2025-10-22,10:37:00,PROD-078,Paint Item 11,Paint,20,27.36,0.0,592.34,Debit,EMP-001
TXN-00190,2025-08-04,09:02:00,PROD-074,Tools Item 14,Tools,9,116.8,0.0,1137.92,Debit,EMP-011
TXN-00191,2025-08-04,15:56:00,PROD-052,Tools Item 10,Tools,10,84.11,0.0,910.49,Credit,EMP-002
TXN-00192,2025-10-28,08:10:00,PROD-041,Garden Item 11,Garden,15,65.27,12.13,931.27,Debit,EMP-014
TXN-00193,2025-09-14,14:08:00,PROD-060,Electrical Item 4,Electrical,4,79.67,0.0,344.97,Credit,EMP-008
TXN-00194,2025-09-01,10:06:00,PROD-054,Hardware Item 8,Hardware,13,47.08,0.0,662.53,Cash,EMP-014
TXN-00195,2025-09-11,17:46:00,PROD-066,Electrical Item 15,Electrical,6,32.53,0.0,211.28,Credit,EMP-015
TXN-00196,2025-09-09,15:01:00,PROD-031,Hardware Item 7,Hardware,17,142.06,0.0,2614.26,Debit,EMP-006
TXN-00197,2025-08-07,08:18:00,PROD-014,Garden Item 14,Garden,16,91.64,0.16,1584.67,Cash,EMP-015
TXN-00198,2025-09-03,19:23:00,PROD-047,Garden Item 18,Garden,13,58.06,11.24,725.21,Credit,EMP-002
TXN-00199,2025-09-19,16:28:00,PROD-016,Paint Item 5,Paint,20,45.56,0.0,986.37,Cash,EMP-007
TXN-00200,2025-09-17,13:35:00,PROD-052,Electrical Item 17,Electrical,7,114.47,0.0,867.4,Cash,EMP-001
TXN-00201,2025-08-05,10:45:00,PROD-078,Electrical Item 17,Electrical,17,121.58,0.0,2237.38,Cash,EMP-006
TXN-00202,2025-10-18,13:10:00,PROD-065,Garden Item 17,Garden,10,148.64,0.0,1609.03,Debit,EMP-008
TXN-00203,2025-10-12,12:30:00,PROD-075,Hardware Item 10,Hardware,4,58.41,0.0,252.92,Debit,EMP-014
TXN-00204,2025-10-28,18:01:00,PROD-007,Paint Item 19,Paint,19,73.82,0.0,1518.29,Credit,EMP-003
TXN-00205,2025-10-07,18:46:00,PROD-005,Paint Item 19,Paint,13,117.32,13.61,1426.29,Debit,EMP-002
TXN-00206,2025-08-25,08:28:00,PROD-053,Electrical Item 17,Electrical,14,65.72,0.0,995.99,Debit,EMP-015
TXN-00207,2025-09-30,19:46:00,PROD-062,Hardware Item 17,Hardware,17,107.34,6.5,1846.93,Credit,EMP-006
TXN-00208,2025-08-23,15:58:00,PROD-034,Paint Item 20,Paint,12,54.64,0.0,709.77,Credit,EMP-004
TXN-00209,2025-09-01,12:35:00,PROD-027,Electrical Item 16,Electrical,10,37.61,0.0,407.13,Credit,EMP-008
TXN-00210,2025-09-14,16:59:00,PROD-070,Tools Item 13,Tools,4,44.65,0.0,193.33,Credit,EMP-014
TXN-00211,2025-09-14,10:18:00,PROD-057,Hardware Item 9,Hardware,3,46.71,0.0,151.69,Debit,EMP-008
TXN-00212,2025-08-28,11:52:00,PROD-018,Paint Item 4,Paint,18,44.31,0.0,863.38,Debit,EMP-012
TXN-00213,2025-10-15,11:15:00,PROD-013,Hardware Item 14,Hardware,17,102.13,4.66,1791.87,Credit,EMP-012
TXN-00214,2025-09-30,09:43:00,PROD-021,Plumbing Item 14,Plumbing,18,5.75,0.0,112.04,Debit,EMP-015
TXN-00215,2025-09-30,15:41:00,PROD-008,Plumbing Item 3,Plumbing,10,114.61,0.0,1240.65,Debit,EMP-010
TXN-00216,2025-08-30,16:47:00,PROD-023,Tools Item 14,Tools,2,128.3,0.0,277.77,Cash,EMP-015
TXN-00217,2025-08-05,14:50:00,PROD-002,Garden Item 10,Garden,10,32.02,0.0,346.62,Debit,EMP-010
TXN-00218,2025-08-14,13:18:00,PROD-018,Garden Item 17,Garden,18,148.42,0.0,2891.96,Credit,EMP-005
TXN-00219,2025-08-25,09:21:00,PROD-002,Plumbing Item 11,Plumbing,9,111.01,0.0,1081.51,Credit,EMP-010
TXN-00220,2025-10-26,11:11:00,PROD-066,Paint Item 11,Paint,13,129.14,0.0,1817.32,Cash,EMP-007
TXN-00221,2025-10-25,09:11:00,PROD-058,Plumbing Item 9,Plumbing,8,74.23,7.67,593.53,Credit,EMP-005
TXN-00222,2025-10-14,19:36:00,PROD-008,Hardware Item 4,Hardware,12,42.93,0.0,557.66,Credit,EMP-005
TXN-00223,2025-08-21,14:43:00,PROD-038,Paint Item 12,Paint,10,138.85,0.0,1503.05,Debit,EMP-004
TXN-00224,2025-08-29,10:30:00,PROD-071,Plumbing Item 16,Plumbing,20,70.97,0.0,1536.5,Debit,EMP-013
TXN-00225,2025-10-25,11:48:00,PROD-011,Plumbing Item 17,Plumbing,20,103.65,0.0,2244.02,Credit,EMP-009
TXN-00226,2025-09-16,09:58:00,PROD-026,Paint Item 19,Paint,18,21.27,0.0,414.45,Debit,EMP-003
TXN-00227,2025-08-22,13:54:00,PROD-063,Paint Item 3,Paint,7,69.07,0.0,523.38,Debit,EMP-008
TXN-00228,2025-08-08,15:08:00,PROD-040,Paint Item 1,Paint,19,65.24,9.25,1217.71,Credit,EMP-005
TXN-00229,2025-08-01,19:13:00,PROD-009,Paint Item 18,Paint,14,15.59,0.0,236.27,Cash,EMP-015
TXN-00230,2025-08-09,15:02:00,PROD-054,Electrical Item 12,Electrical,5,64.29,0.0,347.97,Credit,EMP-008
TXN-00231,2025-09-18,14:05:00,PROD-016,Tools Item 6,Tools,18,144.8,17.21,2335.86,Debit,EMP-007
TXN-00232,2025-10-07,10:46:00,PROD-060,Plumbing Item 18,Plumbing,1,126.05,0.0,136.45,Credit,EMP-009
TXN-00233,2025-09-18,11:15:00,PROD-015,Garden Item 2,Garden,9,55.19,17.5,443.59,Debit,EMP-007
TXN-00234,2025-10-18,08:15:00,PROD-007,Plumbing Item 8,Plumbing,20,14.76,11.96,281.34,Debit,EMP-001
TXN-00235,2025-09-21,15:14:00,PROD-030,Paint Item 19,Paint,2,36.5,19.87,63.32,Credit,EMP-010
TXN-00236,2025-10-16,18:52:00,PROD-067,Electrical Item 8,Electrical,5,39.35,0.0,212.98,Credit,EMP-005
TXN-00237,2025-09-05,08:35:00,PROD-055,Paint Item 18,Paint,6,132.56,0.0,860.98,Credit,EMP-001
TXN-00238,2025-09-14,18:42:00,PROD-053,Garden Item 5,Garden,11,118.94,0.0,1416.28,Credit,EMP-007
TXN-00239,2025-08-24,16:30:00,PROD-019,Plumbing Item 15,Plumbing,10,128.15,0.0,1387.22,Cash,EMP-009
TXN-00240,2025-09-22,14:35:00,PROD-011,Paint Item 15,Paint,8,24.44,6.61,197.66,Credit,EMP-002
TXN-00241,2025-10-08,19:53:00,PROD-078,Plumbing Item 2,Plumbing,13,12.47,0.0,175.48,Cash,EMP-004
TXN-00242,2025-10-15,19:42:00,PROD-043,Paint Item 10,Paint,7,36.47,0.0,276.35,Cash,EMP-004
TXN-00243,2025-08-25,19:07:00,PROD-078,Tools Item 7,Tools,16,149.94,0.0,2596.96,Credit,EMP-015
TXN-00244,2025-08-31,16:20:00,PROD-040,Electrical Item 9,Electrical,18,60.2,0.0,1173.0,Credit,EMP-009
TXN-00245,2025-10-03,15:06:00,PROD-048,Tools Item 11,Tools,11,73.08,0.0,870.2,Credit,EMP-001
TXN-00246,2025-10-12,11:47:00,PROD-075,Plumbing Item 14,Plumbing,18,7.35,0.0,143.21,Credit,EMP-003
TXN-00247,2025-08-26,13:14:00,PROD-044,Garden Item 9,Garden,8,87.62,0.0,758.79,Credit,EMP-012
TXN-00248,2025-10-22,19:31:00,PROD-063,Garden Item 6,Garden,12,29.39,14.41,326.76,Debit,EMP-011
TXN-00249,2025-08-08,16:02:00,PROD-053,Hardware Item 5,Hardware,2,142.05,0.0,307.54,Debit,EMP-004
TXN-00250,2025-08-09,19:09:00,PROD-080,Hardware Item 20,Hardware,15,36.71,0.0,596.08,Credit,EMP-011
TXN-00251,2025-10-02,08:00:00,PROD-069,Paint Item 10,Paint,1,84.99,14.44,78.72,Cash,EMP-009
TXN-00252,2025-10-29,18:27:00,PROD-031,Plumbing Item 7,Plumbing,4,20.52,0.0,88.85,Debit,EMP-009
TXN-00253,2025-09-02,13:17:00,PROD-032,Garden Item 8,Garden,13,16.46,0.0,231.63,Credit,EMP-011
TXN-00254,2025-08-11,18:54:00,PROD-049,Tools Item 18,Tools,3,115.14,0.0,373.92,Credit,EMP-001
TXN-00255,2025-10-21,08:44:00,PROD-043,Plumbing Item 19,Plumbing,14,16.99,0.0,257.48,Cash,EMP-015
TXN-00256,2025-10-07,08:14:00,PROD-006,Plumbing Item 3,Plumbing,19,135.68,0.0,2790.6,Debit,EMP-015
TXN-00257,2025-09-05,16:36:00,PROD-019,Tools Item 13,Tools,11,9.77,4.14,111.52,Cash,EMP-005
TXN-00258,2025-08-21,17:15:00,PROD-070,Paint Item 11,Paint,13,126.02,0.0,1773.42,Credit,EMP-013
TXN-00259,2025-08-18,19:46:00,PROD-010,Hardware Item 11,Hardware,12,77.61,8.74,920.04,Debit,EMP-013
TXN-00260,2025-10-18,17:25:00,PROD-058,Electrical Item 16,Electrical,9,9.3,0.0,90.61,Cash,EMP-006
TXN-00261,2025-10-10,14:27:00,PROD-032,Plumbing Item 3,Plumbing,13,103.56,12.37,1277.07,Cash,EMP-005
TXN-00262,2025-08-20,14:45:00,PROD-014,Tools Item 3,Tools,13,27.37,0.0,385.16,Cash,EMP-005
TXN-00263,2025-09-26,13:48:00,PROD-072,Electrical Item 17,Electrical,3,19.82,8.98,58.59,Credit,EMP-002
TXN-00264,2025-08-04,09:22:00,PROD-050,Paint Item 1,Paint,20,18.49,0.0,400.31,Credit,EMP-007
TXN-00265,2025-09-19,09:46:00,PROD-022,Paint Item 13,Paint,8,136.26,0.0,1180.01,Cash,EMP-003
TXN-00266,2025-09-04,12:17:00,PROD-054,Garden Item 10,Garden,6,26.16,0.0,169.91,Credit,EMP-013
TXN-00267,2025-08-10,13:16:00,PROD-026,Plumbing Item 15,Plumbing,16,109.53,0.0,1897.06,Cash,EMP-003
TXN-00268,2025-09-08,08:25:00,PROD-043,Electrical Item 15,Electrical,13,127.03,0.0,1787.63,Credit,EMP-007
TXN-00269,2025-10-23,17:08:00,PROD-023,Electrical Item 13,Electrical,7,51.5,0.0,390.24,Credit,EMP-005
TXN-00270,2025-10-28,18:31:00,PROD-051,Paint Item 12,Paint,11,118.39,0.0,1409.73,Cash,EMP-015
TXN-00271,2025-10-12,11:37:00,PROD-027,Paint Item 15,Paint,18,31.09,14.54,517.71,Credit,EMP-014
TXN-00272,2025-10-28,09:52:00,PROD-031,Garden Item 9,Garden,5,102.58,0.0,555.21,Debit,EMP-003
TXN-00273,2025-09-24,14:04:00,PROD-069,Garden Item 17,Garden,16,148.65,0.0,2574.62,Debit,EMP-007
TXN-00274,2025-10-09,08:50:00,PROD-011,Electrical Item 4,Electrical,18,106.74,0.0,2079.83,Cash,EMP-011
TXN-00275,2025-10-25,13:10:00,PROD-052,Tools Item 11,Tools,19,93.84,0.0,1930.05,Credit,EMP-002
TXN-00276,2025-08-02,09:16:00,PROD-074,Plumbing Item 8,Plumbing,17,79.05,0.0,1454.72,Credit,EMP-006
TXN-00277,2025-09-20,15:49:00,PROD-062,Tools Item 4,Tools,17,90.35,19.95,1330.96,Credit,EMP-007
TXN-00278,2025-08-11,09:53:00,PROD-027,Tools Item 17,Tools,10,25.54,0.0,276.47,Credit,EMP-006
TXN-00279,2025-09-30,09:28:00,PROD-015,Tools Item 1,Tools,11,106.03,0.89,1251.32,Credit,EMP-011
TXN-00280,2025-08-14,18:51:00,PROD-071,Plumbing Item 6,Plumbing,8,139.84,0.0,1211.01,Credit,EMP-009
TXN-00281,2025-09-24,15:14:00,PROD-056,Garden Item 13,Garden,6,96.32,0.0,625.6,Cash,EMP-012
TXN-00282,2025-10-18,11:28:00,PROD-027,Paint Item 9,Paint,1,67.29,0.0,72.84,Debit,EMP-013
TXN-00283,2025-08-09,17:06:00,PROD-063,Paint Item 17,Paint,11,32.11,2.28,373.63,Debit,EMP-006
TXN-00284,2025-10-16,14:39:00,PROD-059,Garden Item 20,Garden,12,90.12,0.0,1170.66,Cash,EMP-014
TXN-00285,2025-10-26,19:51:00,PROD-016,Electrical Item 8,Electrical,19,138.21,2.68,2766.45,Credit,EMP-002
TXN-00286,2025-08-24,13:44:00,PROD-074,Plumbing Item 13,Plumbing,14,79.07,0.0,1198.31,Credit,EMP-003
TXN-00287,2025-10-02,18:34:00,PROD-063,Tools Item 10,Tools,6,138.28,0.0,898.13,Cash,EMP-003
TXN-00288,2025-09-10,15:39:00,PROD-025,Hardware Item 13,Hardware,1,130.5,0.0,141.27,Debit,EMP-009
TXN-00289,2025-10-23,15:26:00,PROD-011,Tools Item 19,Tools,15,76.3,0.0,1238.92,Cash,EMP-013
TXN-00290,2025-08-29,12:02:00,PROD-064,Electrical Item 18,Electrical,10,37.6,9.15,369.78,Debit,EMP-002
TXN-00291,2025-10-13,09:17:00,PROD-006,Paint Item 15,Paint,12,124.38,0.0,1615.7,Debit,EMP-004
TXN-00292,2025-09-24,09:47:00,PROD-005,Tools Item 15,Tools,10,113.95,0.0,1233.51,Credit,EMP-006
TXN-00293,2025-08-12,15:55:00,PROD-045,Hardware Item 20,Hardware,8,117.47,14.75,867.24,Debit,EMP-007
TXN-00294,2025-08-22,17:08:00,PROD-069,Plumbing Item 9,Plumbing,2,122.96,0.0,266.21,Debit,EMP-009
TXN-00295,2025-08-22,13:45:00,PROD-066,Electrical Item 4,Electrical,9,46.95,0.0,457.41,Cash,EMP-013
TXN-00296,2025-09-22,08:17:00,PROD-032,Tools Item 13,Tools,5,23.4,14.23,108.63,Credit,EMP-003
TXN-00297,2025-10-13,18:17:00,PROD-012,Tools Item 13,Tools,15,65.06,15.89,888.55,Debit,EMP-012
TXN-00298,2025-09-05,19:59:00,PROD-001,Electrical Item 3,Electrical,16,70.93,0.0,1228.51,Debit,EMP-008
TXN-00299,2025-10-21,18:44:00,PROD-055,Electrical Item 7,Electrical,18,128.27,0.0,2499.34,Credit,EMP-005
TXN-00300,2025-09-11,12:21:00,PROD-044,Paint Item 2,Paint,19,88.8,0.0,1826.39,Cash,EMP-002
TXN-00301,2025-10-20,15:01:00,PROD-001,Hardware Item 14,Hardware,6,139.77,0.0,907.81,Cash,EMP-012
TXN-00302,2025-08-17,18:19:00,PROD-011,Plumbing Item 12,Plumbing,9,131.79,7.21,1191.39,Debit,EMP-015
TXN-00303,2025-10-23,10:03:00,PROD-012,Garden Item 4,Garden,8,95.71,0.0,828.85,Cash,EMP-004
TXN-00304,2025-10-01,09:08:00,PROD-016,Paint Item 14,Paint,15,37.8,13.91,528.4,Debit,EMP-003
TXN-00305,2025-10-01,09:14:00,PROD-039,Garden Item 5,Garden,4,17.95,7.35,72.01,Credit,EMP-013
TXN-00306,2025-08-18,18:43:00,PROD-057,Plumbing Item 12,Plumbing,19,14.92,13.0,266.97,Debit,EMP-004
TXN-00307,2025-10-20,19:09:00,PROD-012,Garden Item 4,Garden,15,94.33,0.0,1531.68,Cash,EMP-013
TXN-00308,2025-08-16,17:46:00,PROD-018,Garden Item 8,Garden,14,55.97,0.0,848.23,Credit,EMP-011
TXN-00309,2025-08-11,11:35:00,PROD-004,Paint Item 10,Paint,20,92.0,18.83,1616.74,Cash,EMP-009
TXN-00310,2025-10-17,16:12:00,PROD-031,Tools Item 16,Tools,2,61.8,0.0,133.8,Credit,EMP-002
TXN-00311,2025-08-31,15:40:00,PROD-041,Paint Item 5,Paint,1,15.3,0.0,16.56,Credit,EMP-014
TXN-00312,2025-10-12,14:23:00,PROD-010,Paint Item 1,Paint,16,104.03,0.0,1801.8,Debit,EMP-002
TXN-00313,2025-08-02,12:13:00,PROD-065,Hardware Item 14,Hardware,13,138.77,0.0,1952.84,Credit,EMP-012
TXN-00314,2025-09-21,09:40:00,PROD-066,Paint Item 7,Paint,5,82.96,6.2,421.18,Cash,EMP-009
TXN-00315,2025-09-11,14:37:00,PROD-056,Tools Item 8,Tools,3,115.67,0.0,375.64,Cash,EMP-004
TXN-00316,2025-08-12,14:07:00,PROD-023,Garden Item 4,Garden,2,93.78,0.0,203.03,Cash,EMP-012
TXN-00317,2025-08-18,19:00:00,PROD-034,Plumbing Item 6,Plumbing,12,76.98,0.0,999.97,Credit,EMP-003
TXN-00318,2025-09-04,19:56:00,PROD-055,Hardware Item 9,Hardware,1,116.86,0.0,126.5,Debit,EMP-002
TXN-00319,2025-09-03,19:36:00,PROD-008,Tools Item 16,Tools,15,16.18,0.0,262.72,Debit,EMP-003
TXN-00320,2025-09-17,10:16:00,PROD-006,Hardware Item 1,Hardware,4,134.67,10.18,523.76,Cash,EMP-001
TXN-00321,2025-09-30,13:24:00,PROD-054,Plumbing Item 8,Plumbing,2,30.95,0.0,67.01,Credit,EMP-004
TXN-00322,2025-09-23,19:20:00,PROD-065,Electrical Item 2,Electrical,19,124.77,0.0,2566.21,Cash,EMP-004
TXN-00323,2025-10-06,08:25:00,PROD-040,Hardware Item 11,Hardware,10,132.16,0.0,1430.63,Cash,EMP-009
TXN-00324,2025-09-28,08:23:00,PROD-032,Plumbing Item 15,Plumbing,10,47.28,0.0,511.81,Credit,EMP-010
TXN-00325,2025-10-03,11:46:00,PROD-004,Paint Item 8,Paint,8,115.27,18.65,812.07,Debit,EMP-006
TXN-00326,2025-10-21,19:56:00,PROD-049,Hardware Item 10,Hardware,1,142.89,0.0,154.68,Cash,EMP-004
TXN-00327,2025-10-07,11:26:00,PROD-012,Garden Item 2,Garden,5,144.37,0.0,781.4,Cash,EMP-015
TXN-00328,2025-10-06,14:44:00,PROD-065,Electrical Item 5,Electrical,3,71.48,0.0,232.13,Debit,EMP-014
TXN-00329,2025-09-20,09:37:00,PROD-041,Paint Item 13,Paint,5,14.03,5.22,71.97,Debit,EMP-014
TXN-00330,2025-09-11,13:28:00,PROD-014,Electrical Item 5,Electrical,7,38.87,15.4,249.18,Cash,EMP-003
TXN-00331,2025-09-27,15:20:00,PROD-027,Garden Item 15,Garden,12,22.51,0.0,292.4,Credit,EMP-008
TXN-00332,2025-09-03,09:05:00,PROD-078,Plumbing Item 2,Plumbing,10,122.1,0.0,1321.73,Cash,EMP-014
TXN-00333,2025-09-11,10:05:00,PROD-007,Tools Item 10,Tools,12,40.99,0.0,532.46,Credit,EMP-014
TXN-00334,2025-08-23,08:25:00,PROD-018,Garden Item 4,Garden,18,85.61,9.24,1513.98,Cash,EMP-001
TXN-00335,2025-08-29,10:12:00,PROD-034,Garden Item 3,Garden,3,58.97,0.0,191.51,Cash,EMP-002
TXN-00336,2025-08-26,18:28:00,PROD-007,Plumbing Item 6,Plumbing,11,18.34,18.85,177.22,Debit,EMP-007
TXN-00337,2025-09-20,15:01:00,PROD-024,Garden Item 9,Garden,6,104.07,0.0,675.93,Credit,EMP-008
TXN-00338,2025-08-20,08:39:00,PROD-071,Paint Item 16,Paint,10,94.46,0.0,1022.53,Cash,EMP-002
TXN-00339,2025-09-05,14:08:00,PROD-070,Garden Item 1,Garden,17,33.92,19.88,500.12,Credit,EMP-013
TXN-00340,2025-09-15,15:34:00,PROD-050,Garden Item 9,Garden,19,54.88,0.0,1128.74,Cash,EMP-001
TXN-00341,2025-09-10,17:14:00,PROD-068,Hardware Item 12,Hardware,9,134.89,19.83,1053.57,Debit,EMP-004
TXN-00342,2025-08-21,09:15:00,PROD-008,Tools Item 8,Tools,18,39.97,0.0,778.82,Debit,EMP-014
TXN-00343,2025-09-19,13:59:00,PROD-046,Plumbing Item 19,Plumbing,19,30.53,0.0,627.93,Cash,EMP-012
TXN-00344,2025-10-29,13:36:00,PROD-064,Paint Item 18,Paint,7,25.6,0.0,193.98,Credit,EMP-003
TXN-00345,2025-10-02,08:05:00,PROD-043,Hardware Item 20,Hardware,8,38.73,9.56,303.34,Cash,EMP-013
TXN-00346,2025-08-17,13:45:00,PROD-019,Plumbing Item 4,Plumbing,11,138.22,2.95,1597.3,Debit,EMP-014
TXN-00347,2025-09-16,09:23:00,PROD-044,Tools Item 10,Tools,13,141.58,0.0,1992.38,Credit,EMP-003
TXN-00348,2025-08-21,19:27:00,PROD-079,Tools Item 12,Tools,11,144.3,19.37,1385.43,Cash,EMP-011
TXN-00349,2025-10-15,10:24:00,PROD-074,Electrical Item 13,Electrical,10,111.43,14.58,1030.36,Debit,EMP-001
TXN-00350,2025-08-24,17:20:00,PROD-043,Paint Item 3,Paint,19,37.03,9.92,686.06,Cash,EMP-006
TXN-00351,2025-09-10,10:40:00,PROD-034,Hardware Item 7,Hardware,11,124.14,0.0,1478.2,Cash,EMP-012
TXN-00352,2025-08-09,13:16:00,PROD-054,Hardware Item 6,Hardware,2,109.46,0.0,236.98,Credit,EMP-008
TXN-00353,2025-09-18,13:34:00,PROD-074,Garden Item 8,Garden,16,19.71,0.0,341.38,Cash,EMP-008
TXN-00354,2025-08-10,08:18:00,PROD-049,Hardware Item 6,Hardware,4,51.21,3.4,214.2,Debit,EMP-002
TXN-00355,2025-10-10,09:21:00,PROD-056,Paint Item 6,Paint,16,147.87,0.0,2561.11,Debit,EMP-015
TXN-00356,2025-09-25,10:03:00,PROD-071,Hardware Item 18,Hardware,7,53.01,0.0,401.68,Credit,EMP-011
TXN-00357,2025-09-06,12:15:00,PROD-063,Hardware Item 5,Hardware,19,12.2,0.0,250.92,Cash,EMP-006
TXN-00358,2025-08-01,14:05:00,PROD-013,Electrical Item 1,Electrical,20,124.47,0.0,2694.78,Cash,EMP-003
TXN-00359,2025-10-21,12:05:00,PROD-061,Garden Item 16,Garden,10,127.35,0.0,1378.56,Debit,EMP-005
TXN-00360,2025-08-12,18:34:00,PROD-058,Garden Item 2,Garden,13,31.81,0.0,447.65,Credit,EMP-008
TXN-00361,2025-09-29,12:14:00,PROD-013,Electrical Item 3,Electrical,5,86.82,0.0,469.91,Debit,EMP-006
TXN-00362,2025-10-09,14:48:00,PROD-067,Paint Item 14,Paint,2,37.99,0.0,82.25,Debit,EMP-011
TXN-00363,2025-09-30,17:56:00,PROD-005,Plumbing Item 17,Plumbing,3,74.06,0.0,240.51,Debit,EMP-015
TXN-00364,2025-10-06,17:43:00,PROD-028,Paint Item 7,Paint,15,26.38,19.69,344.0,Cash,EMP-001
TXN-00365,2025-09-24,09:43:00,PROD-034,Garden Item 11,Garden,5,34.28,0.0,185.54,Debit,EMP-015
TXN-00366,2025-08-09,09:24:00,PROD-067,Paint Item 15,Paint,11,62.62,0.0,745.65,Cash,EMP-013
TXN-00367,2025-10-29,17:37:00,PROD-019,Paint Item 19,Paint,4,118.34,0.0,512.41,Debit,EMP-010
TXN-00368,2025-08-13,09:36:00,PROD-053,Hardware Item 9,Hardware,18,118.93,0.0,2317.35,Credit,EMP-011
TXN-00369,2025-10-02,17:38:00,PROD-080,Garden Item 20,Garden,9,10.43,0.0,101.61,Debit,EMP-012
TXN-00370,2025-09-21,08:25:00,PROD-035,Electrical Item 12,Electrical,2,105.12,0.0,227.58,Cash,EMP-006
TXN-00371,2025-09-08,12:17:00,PROD-030,Garden Item 5,Garden,4,129.44,0.0,560.48,Credit,EMP-012
TXN-00372,2025-09-26,13:17:00,PROD-053,Tools Item 16,Tools,3,65.43,4.23,203.5,Debit,EMP-014
TXN-00373,2025-09-17,08:32:00,PROD-068,Plumbing Item 19,Plumbing,17,14.51,0.0,267.02,Cash,EMP-003
TXN-00374,2025-08-25,11:53:00,PROD-026,Hardware Item 9,Hardware,15,41.18,7.21,620.45,Credit,EMP-014
TXN-00375,2025-09-29,16:25:00,PROD-058,Tools Item 6,Tools,1,138.85,9.78,135.61,Credit,EMP-010
TXN-00376,2025-10-10,13:22:00,PROD-012,Plumbing Item 10,Plumbing,9,126.46,0.0,1232.04,Cash,EMP-007
TXN-00377,2025-08-07,10:54:00,PROD-029,Paint Item 7,Paint,7,118.08,0.0,894.75,Credit,EMP-011
TXN-00378,2025-09-22,16:01:00,PROD-077,Tools Item 1,Tools,5,6.29,0.0,34.04,Cash,EMP-005
TXN-00379,2025-10-17,12:45:00,PROD-045,Tools Item 15,Tools,14,98.2,0.0,1488.22,Credit,EMP-004
TXN-00380,2025-09-29,12:43:00,PROD-001,Paint Item 17,Paint,13,124.53,0.0,1752.45,Debit,EMP-014
TXN-00381,2025-09-17,16:41:00,PROD-062,Paint Item 3,Paint,10,93.31,0.0,1010.08,Credit,EMP-005
TXN-00382,2025-10-21,13:55:00,PROD-031,Electrical Item 2,Electrical,10,42.87,10.35,416.04,Debit,EMP-007
TXN-00383,2025-10-24,13:43:00,PROD-034,Plumbing Item 14,Plumbing,16,109.59,0.0,1898.1,Credit,EMP-007
TXN-00384,2025-08-05,17:45:00,PROD-029,Paint Item 18,Paint,11,123.32,0.0,1468.43,Debit,EMP-013
TXN-00385,2025-09-30,18:22:00,PROD-072,Paint Item 6,Paint,6,48.53,0.0,315.2,Credit,EMP-002
TXN-00386,2025-09-30,10:47:00,PROD-024,Electrical Item 11,Electrical,18,110.15,0.0,2146.27,Debit,EMP-002
TXN-00387,2025-08-29,13:14:00,PROD-043,Tools Item 12,Tools,14,131.36,0.0,1990.76,Credit,EMP-010
TXN-00388,2025-09-07,15:54:00,PROD-080,Hardware Item 3,Hardware,19,73.23,0.0,1506.16,Credit,EMP-015
TXN-00389,2025-08-25,16:07:00,PROD-020,Tools Item 5,Tools,10,60.34,0.0,653.18,Cash,EMP-006
TXN-00390,2025-09-22,17:57:00,PROD-063,Garden Item 11,Garden,6,25.77,0.0,167.38,Debit,EMP-003
TXN-00391,2025-09-10,18:03:00,PROD-022,Hardware Item 19,Hardware,7,70.55,0.0,534.59,Cash,EMP-008
TXN-00392,2025-08-12,10:39:00,PROD-062,Garden Item 13,Garden,13,96.86,0.0,1363.06,Cash,EMP-001
TXN-00393,2025-10-08,11:46:00,PROD-068,Electrical Item 7,Electrical,11,142.76,0.0,1699.91,Cash,EMP-011
TXN-00394,2025-08-01,18:46:00,PROD-014,Plumbing Item 13,Plumbing,12,37.81,0.0,491.15,Debit,EMP-010
TXN-00395,2025-09-09,10:04:00,PROD-067,Hardware Item 20,Hardware,10,48.24,0.0,522.2,Debit,EMP-006
TXN-00396,2025-09-25,18:08:00,PROD-025,Electrical Item 6,Electrical,16,149.44,0.0,2588.3,Credit,EMP-001
TXN-00397,2025-08-30,11:46:00,PROD-022,Plumbing Item 4,Plumbing,1,35.62,0.0,38.56,Credit,EMP-012
TXN-00398,2025-10-23,08:24:00,PROD-077,Tools Item 2,Tools,18,42.09,0.0,820.12,Debit,EMP-002
TXN-00399,2025-10-23,08:03:00,PROD-071,Tools Item 9,Tools,15,21.79,0.0,353.82,Credit,EMP-012
TXN-00400,2025-08-20,11:44:00,PROD-013,Tools Item 17,Tools,10,96.4,0.0,1043.53,Credit,EMP-010
TXN-00401,2025-10-17,19:08:00,PROD-080,Garden Item 4,Garden,4,125.44,0.0,543.16,Credit,EMP-002
TXN-00402,2025-08-14,15:12:00,PROD-026,Paint Item 12,Paint,9,33.96,0.0,330.86,Debit,EMP-007
TXN-00403,2025-09-07,10:02:00,PROD-062,Paint Item 11,Paint,7,76.97,0.0,583.24,Cash,EMP-001
TXN-00404,2025-08-02,18:05:00,PROD-066,Hardware Item 3,Hardware,16,126.11,1.8,2144.91,Debit,EMP-012
TXN-00405,2025-08-13,12:41:00,PROD-023,Plumbing Item 2,Plumbing,10,71.23,1.0,763.35,Credit,EMP-006
TXN-00406,2025-10-26,13:27:00,PROD-022,Tools Item 11,Tools,2,21.81,2.77,45.91,Credit,EMP-015
TXN-00407,2025-09-26,17:17:00,PROD-059,Tools Item 9,Tools,11,18.48,8.02,202.4,Credit,EMP-012
TXN-00408,2025-10-01,14:41:00,PROD-021,Plumbing Item 4,Plumbing,2,21.39,0.0,46.31,Credit,EMP-015
TXN-00409,2025-10-15,15:51:00,PROD-046,Paint Item 20,Paint,6,103.37,0.0,671.39,Cash,EMP-014
TXN-00410,2025-10-27,19:57:00,PROD-006,Plumbing Item 3,Plumbing,16,75.05,8.23,1192.89,Credit,EMP-011
TXN-00411,2025-09-10,08:45:00,PROD-029,Tools Item 11,Tools,19,81.1,0.0,1668.02,Debit,EMP-009
TXN-00412,2025-10-28,19:39:00,PROD-050,Hardware Item 5,Hardware,8,67.76,0.0,586.8,Debit,EMP-015
TXN-00413,2025-10-18,08:00:00,PROD-064,Tools Item 6,Tools,17,140.48,0.0,2585.18,Cash,EMP-013
TXN-00414,2025-10-02,13:15:00,PROD-071,Electrical Item 13,Electrical,2,145.67,0.0,315.38,Credit,EMP-014
TXN-00415,2025-08-31,09:29:00,PROD-041,Garden Item 4,Garden,15,121.18,9.97,1771.48,Credit,EMP-012
TXN-00416,2025-10-23,08:06:00,PROD-012,Garden Item 20,Garden,18,64.79,0.0,1262.43,Debit,EMP-011
TXN-00417,2025-09-08,16:35:00,PROD-047,Plumbing Item 2,Plumbing,15,99.92,0.0,1622.45,Cash,EMP-014
TXN-00418,2025-09-28,13:35:00,PROD-015,Paint Item 4,Paint,12,91.99,0.0,1194.95,Debit,EMP-004
TXN-00419,2025-08-01,13:22:00,PROD-048,Tools Item 4,Tools,10,144.84,0.0,1567.89,Cash,EMP-015
TXN-00420,2025-08-22,15:08:00,PROD-025,Tools Item 4,Tools,14,112.66,12.22,1498.72,Credit,EMP-004
TXN-00421,2025-09-28,11:45:00,PROD-076,Electrical Item 4,Electrical,14,20.63,12.66,273.07,Credit,EMP-008
TXN-00422,2025-10-24,17:32:00,PROD-007,Plumbing Item 18,Plumbing,1,144.76,0.0,156.7,Credit,EMP-014
TXN-00423,2025-10-14,15:59:00,PROD-023,Paint Item 5,Paint,6,118.26,0.0,768.1,Cash,EMP-007
TXN-00424,2025-10-24,17:38:00,PROD-078,Electrical Item 8,Electrical,13,78.1,0.0,1099.06,Credit,EMP-007
TXN-00425,2025-09-13,12:28:00,PROD-066,Plumbing Item 10,Plumbing,20,25.04,0.0,542.12,Debit,EMP-009
TXN-00426,2025-09-10,19:47:00,PROD-045,Paint Item 5,Paint,7,96.72,14.29,628.16,Debit,EMP-011
TXN-00427,2025-08-23,16:34:00,PROD-072,Tools Item 16,Tools,4,97.35,0.0,421.53,Debit,EMP-010
TXN-00428,2025-10-25,19:26:00,PROD-002,Tools Item 17,Tools,18,113.44,16.95,1835.72,Cash,EMP-001
TXN-00429,2025-09-18,10:03:00,PROD-021,Tools Item 10,Tools,9,13.21,0.0,128.7,Debit,EMP-005
TXN-00430,2025-08-19,08:44:00,PROD-014,Electrical Item 20,Electrical,18,34.58,16.28,564.1,Debit,EMP-012
TXN-00431,2025-10-11,11:47:00,PROD-037,Tools Item 2,Tools,8,86.38,0.0,748.05,Credit,EMP-007
TXN-00432,2025-09-23,18:20:00,PROD-057,Paint Item 8,Paint,9,12.8,17.38,103.03,Debit,EMP-012
TXN-00433,2025-10-22,13:48:00,PROD-025,Paint Item 10,Paint,20,84.26,14.5,1559.72,Credit,EMP-003
TXN-00434,2025-10-27,09:11:00,PROD-055,Plumbing Item 9,Plumbing,4,111.59,0.0,483.18,Debit,EMP-005
TXN-00435,2025-08-17,10:37:00,PROD-020,Electrical Item 2,Electrical,15,5.82,0.0,94.5,Cash,EMP-015
TXN-00436,2025-09-11,17:03:00,PROD-074,Tools Item 18,Tools,10,94.26,0.0,1020.36,Credit,EMP-002
TXN-00437,2025-09-10,16:14:00,PROD-052,Plumbing Item 3,Plumbing,17,80.49,10.86,1320.36,Credit,EMP-004
TXN-00438,2025-08-28,18:21:00,PROD-080,Electrical Item 17,Electrical,7,57.32,0.0,434.34,Credit,EMP-009
TXN-00439,2025-10-23,08:07:00,PROD-079,Tools Item 20,Tools,8,55.17,0.0,477.77,Cash,EMP-001
TXN-00440,2025-10-27,13:24:00,PROD-004,Hardware Item 17,Hardware,18,60.95,0.0,1187.61,Credit,EMP-009
TXN-00441,2025-10-05,15:31:00,PROD-011,Hardware Item 4,Hardware,7,47.98,0.0,363.57,Cash,EMP-013
TXN-00442,2025-10-08,16:00:00,PROD-055,Tools Item 4,Tools,7,14.49,0.0,109.8,Cash,EMP-009
TXN-00443,2025-10-29,19:49:00,PROD-020,Garden Item 1,Garden,3,98.75,0.0,320.69,Credit,EMP-012
TXN-00444,2025-09-12,08:05:00,PROD-074,Hardware Item 8,Hardware,9,12.87,0.0,125.39,Credit,EMP-007
TXN-00445,2025-09-19,15:40:00,PROD-016,Garden Item 18,Garden,1,67.79,0.0,73.38,Cash,EMP-011
TXN-00446,2025-10-19,09:48:00,PROD-065,Tools Item 4,Tools,3,89.91,0.0,291.98,Credit,EMP-013
TXN-00447,2025-10-27,12:38:00,PROD-004,Hardware Item 16,Hardware,15,45.82,0.0,744.0,Cash,EMP-009
TXN-00448,2025-08-29,10:47:00,PROD-039,Garden Item 12,Garden,18,120.53,12.68,2050.73,Cash,EMP-009
TXN-00449,2025-10-11,10:07:00,PROD-071,Hardware Item 3,Hardware,20,5.73,0.0,124.05,Credit,EMP-004
TXN-00450,2025-09-14,11:26:00,PROD-033,Tools Item 7,Tools,5,128.46,4.42,664.56,Cash,EMP-003
TXN-00451,2025-10-25,17:54:00,PROD-071,Hardware Item 3,Hardware,18,128.45,0.0,2502.85,Credit,EMP-011
TXN-00452,2025-08-09,12:06:00,PROD-046,Plumbing Item 5,Plumbing,16,110.21,0.0,1908.84,Debit,EMP-011
TXN-00453,2025-08-31,09:18:00,PROD-058,Paint Item 11,Paint,7,15.12,0.0,114.57,Debit,EMP-011
TXN-00454,2025-09-09,19:37:00,PROD-055,Plumbing Item 6,Plumbing,12,87.01,0.0,1130.26,Cash,EMP-006
TXN-00455,2025-09-01,11:45:00,PROD-018,Tools Item 11,Tools,9,97.92,0.0,953.99,Credit,EMP-008
TXN-00456,2025-09-27,13:49:00,PROD-036,Electrical Item 5,Electrical,4,75.61,12.13,287.68,Debit,EMP-004
TXN-00457,2025-09-03,19:56:00,PROD-065,Tools Item 1,Tools,3,16.09,0.0,52.25,Debit,EMP-010
TXN-00458,2025-09-21,17:13:00,PROD-070,Hardware Item 16,Hardware,18,84.98,0.0,1655.84,Debit,EMP-013
TXN-00459,2025-08-20,13:25:00,PROD-038,Plumbing Item 5,Plumbing,19,134.26,0.0,2761.39,Credit,EMP-009
TXN-00460,2025-10-05,09:25:00,PROD-079,Electrical Item 6,Electrical,8,77.81,0.0,673.83,Debit,EMP-003
TXN-00461,2025-09-27,10:11:00,PROD-062,Paint Item 12,Paint,5,142.56,0.0,771.61,Cash,EMP-004
TXN-00462,2025-10-02,11:04:00,PROD-067,Electrical Item 12,Electrical,2,58.57,0.0,126.8,Credit,EMP-008
TXN-00463,2025-09-28,08:02:00,PROD-036,Tools Item 9,Tools,17,51.99,0.0,956.75,Debit,EMP-009
TXN-00464,2025-10-12,10:24:00,PROD-010,Tools Item 17,Tools,19,59.89,0.0,1231.79,Credit,EMP-007
TXN-00465,2025-08-29,16:25:00,PROD-062,Electrical Item 20,Electrical,12,123.5,0.0,1604.27,Cash,EMP-009
TXN-00466,2025-08-18,15:10:00,PROD-047,Plumbing Item 20,Plumbing,9,16.18,3.74,151.74,Debit,EMP-014
TXN-00467,2025-08-16,18:14:00,PROD-062,Garden Item 16,Garden,4,122.62,0.0,530.94,Cash,EMP-010
TXN-00468,2025-08-21,18:53:00,PROD-018,Garden Item 17,Garden,2,8.25,11.85,15.74,Cash,EMP-015
TXN-00469,2025-10-13,10:03:00,PROD-052,Plumbing Item 20,Plumbing,6,42.45,0.0,275.71,Debit,EMP-011
TXN-00470,2025-08-03,19:46:00,PROD-061,Tools Item 16,Tools,3,124.09,12.13,354.1,Cash,EMP-004
TXN-00471,2025-09-22,17:09:00,PROD-066,Paint Item 9,Paint,6,123.97,0.0,805.19,Cash,EMP-012
TXN-00472,2025-10-27,13:59:00,PROD-014,Garden Item 1,Garden,3,91.5,7.71,274.24,Cash,EMP-009
TXN-00473,2025-10-04,18:26:00,PROD-079,Plumbing Item 20,Plumbing,6,92.8,0.0,602.74,Cash,EMP-015
TXN-00474,2025-10-08,16:48:00,PROD-070,Hardware Item 1,Hardware,5,18.51,0.0,100.19,Debit,EMP-011
TXN-00475,2025-09-25,16:26:00,PROD-062,Electrical Item 13,Electrical,17,131.85,0.0,2426.37,Credit,EMP-010
TXN-00476,2025-10-29,17:06:00,PROD-011,Garden Item 10,Garden,16,24.41,0.0,422.78,Debit,EMP-015
TXN-00477,2025-10-09,14:16:00,PROD-016,Plumbing Item 17,Plumbing,1,5.79,0.0,6.27,Cash,EMP-007
TXN-00478,2025-10-23,11:44:00,PROD-033,Electrical Item 9,Electrical,4,64.28,13.03,242.07,Debit,EMP-007
TXN-00479,2025-10-12,13:39:00,PROD-053,Electrical Item 18,Electrical,13,148.81,0.0,2094.13,Debit,EMP-008
TXN-00480,2025-08-23,13:35:00,PROD-051,Paint Item 5,Paint,10,75.15,0.0,813.5,Debit,EMP-002
TXN-00481,2025-08-30,15:50:00,PROD-044,Tools Item 18,Tools,4,142.64,8.01,568.16,Debit,EMP-012
TXN-00482,2025-10-27,19:03:00,PROD-019,Plumbing Item 16,Plumbing,1,61.42,0.0,66.49,Debit,EMP-007
TXN-00483,2025-08-12,09:16:00,PROD-052,Plumbing Item 20,Plumbing,20,58.77,7.69,1174.53,Debit,EMP-009
TXN-00484,2025-09-06,19:38:00,PROD-057,Hardware Item 1,Hardware,6,142.13,0.0,923.13,Cash,EMP-014
TXN-00485,2025-10-24,16:18:00,PROD-030,Plumbing Item 20,Plumbing,20,9.87,0.0,213.69,Cash,EMP-011
TXN-00486,2025-08-05,13:15:00,PROD-052,Tools Item 12,Tools,6,5.04,5.52,30.93,Debit,EMP-007
TXN-00487,2025-09-21,17:12:00,PROD-071,Paint Item 10,Paint,3,7.23,0.0,23.48,Debit,EMP-014
TXN-00488,2025-10-11,17:22:00,PROD-059,Electrical Item 13,Electrical,9,144.68,19.26,1138.07,Debit,EMP-001
TXN-00489,2025-09-03,10:26:00,PROD-044,Paint Item 4,Paint,3,20.44,0.0,66.38,Debit,EMP-005
TXN-00490,2025-10-08,17:16:00,PROD-032,Tools Item 11,Tools,13,69.2,0.0,973.82,Credit,EMP-011
TXN-00491,2025-09-28,17:55:00,PROD-029,Hardware Item 8,Hardware,9,74.89,12.67,637.17,Credit,EMP-007
TXN-00492,2025-09-15,16:34:00,PROD-044,Hardware Item 3,Hardware,9,106.62,1.86,1019.42,Debit,EMP-015
TXN-00493,2025-08-23,15:20:00,PROD-025,Electrical Item 16,Electrical,19,36.69,18.94,611.7,Debit,EMP-004
TXN-00494,2025-08-31,19:15:00,PROD-080,Electrical Item 12,Electrical,7,34.98,0.0,265.06,Cash,EMP-013
TXN-00495,2025-08-14,09:58:00,PROD-070,Hardware Item 2,Hardware,16,102.99,0.0,1783.79,Credit,EMP-006
TXN-00496,2025-10-19,13:31:00,PROD-066,Paint Item 9,Paint,16,130.97,15.29,1921.56,Credit,EMP-004
TXN-00497,2025-10-13,10:03:00,PROD-005,Paint Item 17,Paint,16,120.89,0.0,2093.81,Credit,EMP-007
TXN-00498,2025-10-27,10:29:00,PROD-002,Hardware Item 1,Hardware,15,106.25,0.0,1725.23,Debit,EMP-004
TXN-00499,2025-09-18,17:06:00,PROD-035,Electrical Item 16,Electrical,9,57.43,5.26,530.08,Debit,EMP-006
TXN-00500,2025-09-16,10:31:00,PROD-052,Garden Item 9,Garden,12,35.53,0.0,461.53,Credit,EMP-003
